path,kind,size_bytes
.DS_Store,file,10244.0
1803.04474v1.pdf,file,5142734.0
2509.20913v1.pdf,file,9050749.0
IT5006 Project Description - AY 2025_26 Semester 2.pdf,file,671387.0
NIBRS_DataDictionary.pdf,file,88388.0
README.md,file,7514.0
data,dir,
data/.DS_Store,file,6148.0
data/interim,dir,
data/interim/chicago_clean.parquet,file,160401560.0
data/interim/chicago_test_val_clean.parquet,file,13723665.0
data/interim/chicago_train_clean.parquet,file,146545960.0
data/interim/nibrs_all_harmonized.parquet,file,44587941.0
data/interim/nibrs_ca_harmonized.parquet,file,33140010.0
data/interim/nibrs_wa_harmonized.parquet,file,9443483.0
data/processed,dir,
data/processed/test_ca_2024_features.parquet,file,6401686.0
data/processed/test_chicago_2025_features.parquet,file,588153.0
data/processed/test_wa_2024_features.parquet,file,2111153.0
data/processed/train_features.parquet,file,5236192.0
data/processed/val_features.parquet,file,613286.0
data/raw,dir,
data/raw/.DS_Store,file,6148.0
data/raw/chicago,dir,
data/raw/chicago/crime_test_val_2025.csv,file,60347166.0
data/raw/chicago/crime_train_2015_2024.csv,file,638423544.0
data/raw/nibrs_ca_2024,dir,
data/raw/nibrs_ca_2024/.DS_Store,file,6148.0
data/raw/nibrs_ca_2024/CA-2024,dir,
data/raw/nibrs_ca_2024/CA-2024/NIBRS_ACTIVITY_TYPE.csv,file,478.0
data/raw/nibrs_ca_2024/CA-2024/NIBRS_AGE.csv,file,1993.0
data/raw/nibrs_ca_2024/CA-2024/NIBRS_ARRESTEE.csv,file,24738261.0
data/raw/nibrs_ca_2024/CA-2024/NIBRS_ARRESTEE_GROUPB.csv,file,13266520.0
data/raw/nibrs_ca_2024/CA-2024/NIBRS_ARRESTEE_GROUPB_WEAPON.csv,file,4983634.0
data/raw/nibrs_ca_2024/CA-2024/NIBRS_ARRESTEE_WEAPON.csv,file,6657433.0
data/raw/nibrs_ca_2024/CA-2024/NIBRS_ARREST_TYPE.csv,file,105.0
data/raw/nibrs_ca_2024/CA-2024/NIBRS_ASSIGNMENT_TYPE.csv,file,266.0
data/raw/nibrs_ca_2024/CA-2024/NIBRS_BIAS_LIST.csv,file,1623.0
data/raw/nibrs_ca_2024/CA-2024/NIBRS_BIAS_MOTIVATION.csv,file,24653639.0
data/raw/nibrs_ca_2024/CA-2024/NIBRS_CIRCUMSTANCES.csv,file,556.0
data/raw/nibrs_ca_2024/CA-2024/NIBRS_CLEARED_EXCEPT.csv,file,691.0
data/raw/nibrs_ca_2024/CA-2024/NIBRS_CRIMINAL_ACT.csv,file,7087704.0
data/raw/nibrs_ca_2024/CA-2024/NIBRS_CRIMINAL_ACT_TYPE.csv,file,1128.0
data/raw/nibrs_ca_2024/CA-2024/NIBRS_DRUG_MEASURE_TYPE.csv,file,218.0
data/raw/nibrs_ca_2024/CA-2024/NIBRS_ETHNICITY.csv,file,141.0
data/raw/nibrs_ca_2024/CA-2024/NIBRS_INJURY.csv,file,212.0
data/raw/nibrs_ca_2024/CA-2024/NIBRS_JUSTIFIABLE_FORCE.csv,file,435.0
data/raw/nibrs_ca_2024/CA-2024/NIBRS_LOCATION_TYPE.csv,file,1314.0
data/raw/nibrs_ca_2024/CA-2024/NIBRS_OFFENDER.csv,file,60353732.0
data/raw/nibrs_ca_2024/CA-2024/NIBRS_OFFENSE.csv,file,49353321.0
data/raw/nibrs_ca_2024/CA-2024/NIBRS_OFFENSE_TYPE.csv,file,5428.0
data/raw/nibrs_ca_2024/CA-2024/NIBRS_PROPERTY.csv,file,31186487.0
data/raw/nibrs_ca_2024/CA-2024/NIBRS_PROPERTY_DESC.csv,file,30912729.0
data/raw/nibrs_ca_2024/CA-2024/NIBRS_PROP_DESC_TYPE.csv,file,1696.0
data/raw/nibrs_ca_2024/CA-2024/NIBRS_PROP_LOSS_TYPE.csv,file,480.0
data/raw/nibrs_ca_2024/CA-2024/NIBRS_RELATIONSHIP.csv,file,958.0
data/raw/nibrs_ca_2024/CA-2024/NIBRS_SUSPECTED_DRUG.csv,file,3216682.0
data/raw/nibrs_ca_2024/CA-2024/NIBRS_SUSPECTED_DRUG_TYPE.csv,file,354.0
data/raw/nibrs_ca_2024/CA-2024/NIBRS_SUSPECT_USING.csv,file,23371808.0
data/raw/nibrs_ca_2024/CA-2024/NIBRS_USING_LIST.csv,file,183.0
data/raw/nibrs_ca_2024/CA-2024/NIBRS_VICTIM.csv,file,69770252.0
data/raw/nibrs_ca_2024/CA-2024/NIBRS_VICTIM_CIRCUMSTANCES.csv,file,618.0
data/raw/nibrs_ca_2024/CA-2024/NIBRS_VICTIM_INJURY.csv,file,5914075.0
data/raw/nibrs_ca_2024/CA-2024/NIBRS_VICTIM_OFFENDER_REL.csv,file,19574012.0
data/raw/nibrs_ca_2024/CA-2024/NIBRS_VICTIM_OFFENSE.csv,file,37411656.0
data/raw/nibrs_ca_2024/CA-2024/NIBRS_VICTIM_TYPE.csv,file,214.0
data/raw/nibrs_ca_2024/CA-2024/NIBRS_WEAPON.csv,file,6706676.0
data/raw/nibrs_ca_2024/CA-2024/NIBRS_WEAPON_TYPE.csv,file,957.0
data/raw/nibrs_ca_2024/CA-2024/NIBRS_incident.csv,file,113626046.0
data/raw/nibrs_ca_2024/CA-2024/NIBRS_month.csv,file,91075148.0
data/raw/nibrs_ca_2024/CA-2024/README.md,file,13801.0
data/raw/nibrs_ca_2024/CA-2024/REF_RACE.csv,file,661.0
data/raw/nibrs_ca_2024/CA-2024/REF_STATE.csv,file,1945.0
data/raw/nibrs_ca_2024/CA-2024/agencies.csv,file,288336.0
data/raw/nibrs_ca_2024/CA-2024/nibrs_diagram.pdf,file,121096.0
data/raw/nibrs_ca_2024/CA-2024/postgres_load.sql,file,5599.0
data/raw/nibrs_ca_2024/CA-2024/postgres_setup.sql,file,27672.0
data/raw/nibrs_wa_2024,dir,
data/raw/nibrs_wa_2024/WA-2024,dir,
data/raw/nibrs_wa_2024/WA-2024/NIBRS_ACTIVITY_TYPE.csv,file,478.0
data/raw/nibrs_wa_2024/WA-2024/NIBRS_AGE.csv,file,1993.0
data/raw/nibrs_wa_2024/WA-2024/NIBRS_ARRESTEE.csv,file,5590920.0
data/raw/nibrs_wa_2024/WA-2024/NIBRS_ARRESTEE_GROUPB.csv,file,3684872.0
data/raw/nibrs_wa_2024/WA-2024/NIBRS_ARRESTEE_GROUPB_WEAPON.csv,file,1396119.0
data/raw/nibrs_wa_2024/WA-2024/NIBRS_ARRESTEE_WEAPON.csv,file,1505799.0
data/raw/nibrs_wa_2024/WA-2024/NIBRS_ARREST_TYPE.csv,file,105.0
data/raw/nibrs_wa_2024/WA-2024/NIBRS_ASSIGNMENT_TYPE.csv,file,266.0
data/raw/nibrs_wa_2024/WA-2024/NIBRS_BIAS_LIST.csv,file,1623.0
data/raw/nibrs_wa_2024/WA-2024/NIBRS_BIAS_MOTIVATION.csv,file,7502411.0
data/raw/nibrs_wa_2024/WA-2024/NIBRS_CIRCUMSTANCES.csv,file,556.0
data/raw/nibrs_wa_2024/WA-2024/NIBRS_CLEARED_EXCEPT.csv,file,691.0
data/raw/nibrs_wa_2024/WA-2024/NIBRS_CRIMINAL_ACT.csv,file,2095001.0
data/raw/nibrs_wa_2024/WA-2024/NIBRS_CRIMINAL_ACT_TYPE.csv,file,1128.0
data/raw/nibrs_wa_2024/WA-2024/NIBRS_DRUG_MEASURE_TYPE.csv,file,218.0
data/raw/nibrs_wa_2024/WA-2024/NIBRS_ETHNICITY.csv,file,141.0
data/raw/nibrs_wa_2024/WA-2024/NIBRS_INJURY.csv,file,212.0
data/raw/nibrs_wa_2024/WA-2024/NIBRS_JUSTIFIABLE_FORCE.csv,file,435.0
data/raw/nibrs_wa_2024/WA-2024/NIBRS_LOCATION_TYPE.csv,file,1314.0
data/raw/nibrs_wa_2024/WA-2024/NIBRS_OFFENDER.csv,file,17660354.0
data/raw/nibrs_wa_2024/WA-2024/NIBRS_OFFENSE.csv,file,15026142.0
data/raw/nibrs_wa_2024/WA-2024/NIBRS_OFFENSE_TYPE.csv,file,5428.0
data/raw/nibrs_wa_2024/WA-2024/NIBRS_PROPERTY.csv,file,10622643.0
data/raw/nibrs_wa_2024/WA-2024/NIBRS_PROPERTY_DESC.csv,file,10319136.0
data/raw/nibrs_wa_2024/WA-2024/NIBRS_PROP_DESC_TYPE.csv,file,1696.0
data/raw/nibrs_wa_2024/WA-2024/NIBRS_PROP_LOSS_TYPE.csv,file,480.0
data/raw/nibrs_wa_2024/WA-2024/NIBRS_RELATIONSHIP.csv,file,958.0
data/raw/nibrs_wa_2024/WA-2024/NIBRS_SUSPECTED_DRUG.csv,file,638642.0
data/raw/nibrs_wa_2024/WA-2024/NIBRS_SUSPECTED_DRUG_TYPE.csv,file,354.0
data/raw/nibrs_wa_2024/WA-2024/NIBRS_SUSPECT_USING.csv,file,7128104.0
data/raw/nibrs_wa_2024/WA-2024/NIBRS_USING_LIST.csv,file,183.0
data/raw/nibrs_wa_2024/WA-2024/NIBRS_VICTIM.csv,file,21039339.0
data/raw/nibrs_wa_2024/WA-2024/NIBRS_VICTIM_CIRCUMSTANCES.csv,file,318.0
data/raw/nibrs_wa_2024/WA-2024/NIBRS_VICTIM_INJURY.csv,file,1394761.0
data/raw/nibrs_wa_2024/WA-2024/NIBRS_VICTIM_OFFENDER_REL.csv,file,5177807.0
data/raw/nibrs_wa_2024/WA-2024/NIBRS_VICTIM_OFFENSE.csv,file,11477656.0
data/raw/nibrs_wa_2024/WA-2024/NIBRS_VICTIM_TYPE.csv,file,214.0
data/raw/nibrs_wa_2024/WA-2024/NIBRS_WEAPON.csv,file,1540267.0
data/raw/nibrs_wa_2024/WA-2024/NIBRS_WEAPON_TYPE.csv,file,957.0
data/raw/nibrs_wa_2024/WA-2024/NIBRS_incident.csv,file,34740277.0
data/raw/nibrs_wa_2024/WA-2024/NIBRS_month.csv,file,28297920.0
data/raw/nibrs_wa_2024/WA-2024/README.md,file,13801.0
data/raw/nibrs_wa_2024/WA-2024/REF_RACE.csv,file,661.0
data/raw/nibrs_wa_2024/WA-2024/REF_STATE.csv,file,1945.0
data/raw/nibrs_wa_2024/WA-2024/agencies.csv,file,123974.0
data/raw/nibrs_wa_2024/WA-2024/nibrs_diagram.pdf,file,121096.0
data/raw/nibrs_wa_2024/WA-2024/postgres_load.sql,file,5599.0
data/raw/nibrs_wa_2024/WA-2024/postgres_setup.sql,file,27672.0
output_timeline_20260308_192553,dir,
output_timeline_20260308_192553/7d,dir,
output_timeline_20260308_192553/7d/data_processed,dir,
output_timeline_20260308_192553/7d/data_processed/crime_group_mapping_chicago.csv,file,693.0
output_timeline_20260308_192553/7d/data_processed/crime_group_mapping_nibrs.csv,file,4255.0
output_timeline_20260308_192553/7d/figures,dir,
output_timeline_20260308_192553/7d/logs,dir,
output_timeline_20260308_192553/7d/metrics,dir,
output_timeline_20260308_192553/7d/models,dir,
output_timeline_20260308_192553/7d/tables,dir,
output_timeline_20260308_192553/data_processed,dir,
output_timeline_20260308_192553/data_processed/crime_group_mapping_chicago.csv,file,693.0
output_timeline_20260308_192553/data_processed/crime_group_mapping_nibrs.csv,file,4255.0
output_timeline_20260308_192553/figures,dir,
output_timeline_20260308_192553/logs,dir,
output_timeline_20260308_192553/logs/csv_schema_report.json,file,105075.0
output_timeline_20260308_192553/logs/file_tree.csv,file,28034.0
output_timeline_20260308_192553/logs/pipeline.log,file,2945.0
output_timeline_20260308_192553/metrics,dir,
output_timeline_20260308_192553/models,dir,
output_timeline_20260308_193108,dir,
output_timeline_20260308_193108/7d,dir,
output_timeline_20260308_193108/7d/data_processed,dir,
output_timeline_20260308_193108/7d/data_processed/Xy_chicago_2025.csv,file,462650.0
output_timeline_20260308_193108/7d/data_processed/Xy_chicago_2025.parquet,file,133971.0
output_timeline_20260308_193108/7d/data_processed/Xy_chicago_train.csv,file,4596330.0
output_timeline_20260308_193108/7d/data_processed/Xy_chicago_train.parquet,file,840515.0
output_timeline_20260308_193108/7d/data_processed/Xy_nibrs.csv,file,12374676.0
output_timeline_20260308_193108/7d/data_processed/Xy_nibrs.parquet,file,1879675.0
output_timeline_20260308_193108/7d/data_processed/crime_group_mapping_chicago.csv,file,693.0
output_timeline_20260308_193108/7d/data_processed/crime_group_mapping_nibrs.csv,file,4255.0
output_timeline_20260308_193108/7d/figures,dir,
output_timeline_20260308_193108/7d/logs,dir,
output_timeline_20260308_193108/7d/logs/schema_check.json,file,781.0
output_timeline_20260308_193108/7d/metrics,dir,
output_timeline_20260308_193108/7d/metrics/metrics_long.csv,file,32577.0
output_timeline_20260308_193108/7d/metrics/metrics_long_check.json,file,94.0
output_timeline_20260308_193108/7d/metrics/metrics_overall_by_seed.csv,file,2622.0
output_timeline_20260308_193108/7d/metrics/predictions.csv,file,34509132.0
output_timeline_20260308_193108/7d/metrics/predictions.parquet,file,2827580.0
output_timeline_20260308_193108/7d/models,dir,
output_timeline_20260308_193108/7d/models/seed_0,dir,
output_timeline_20260308_193108/7d/models/seed_0/logistic_regression.pt,file,1303.0
output_timeline_20260308_193108/7d/models/seed_0/lstm.pt,file,97535.0
output_timeline_20260308_193108/7d/models/seed_0/preprocessor.json,file,4716.0
output_timeline_20260308_193108/7d/models/seed_0/random_forest.pt,file,3031099.0
output_timeline_20260308_193108/7d/models/seed_0/training_log.json,file,6644.0
output_timeline_20260308_193108/7d/models/seed_1,dir,
output_timeline_20260308_193108/7d/models/seed_1/logistic_regression.pt,file,1303.0
output_timeline_20260308_193108/7d/models/seed_1/lstm.pt,file,97535.0
output_timeline_20260308_193108/7d/models/seed_1/preprocessor.json,file,4716.0
output_timeline_20260308_193108/7d/models/seed_1/random_forest.pt,file,3028283.0
output_timeline_20260308_193108/7d/models/seed_1/training_log.json,file,6644.0
output_timeline_20260308_193108/7d/models/seed_2,dir,
output_timeline_20260308_193108/7d/models/seed_2/logistic_regression.pt,file,1303.0
output_timeline_20260308_193108/7d/models/seed_2/lstm.pt,file,97535.0
output_timeline_20260308_193108/7d/models/seed_2/preprocessor.json,file,4716.0
output_timeline_20260308_193108/7d/models/seed_2/random_forest.pt,file,3057787.0
output_timeline_20260308_193108/7d/models/seed_2/training_log.json,file,6645.0
output_timeline_20260308_193108/7d/tables,dir,
output_timeline_20260308_193108/7d/tables/table1_distribution.csv,file,1172.0
output_timeline_20260308_193108/7d/tables/table1_distribution.md,file,1387.0
output_timeline_20260308_193108/data_processed,dir,
output_timeline_20260308_193108/data_processed/crime_group_mapping_chicago.csv,file,693.0
output_timeline_20260308_193108/data_processed/crime_group_mapping_nibrs.csv,file,4255.0
output_timeline_20260308_193108/figures,dir,
output_timeline_20260308_193108/logs,dir,
output_timeline_20260308_193108/logs/csv_schema_report.json,file,105075.0
output_timeline_20260308_193108/logs/file_tree.csv,file,29193.0
output_timeline_20260308_193108/logs/pipeline.log,file,3326.0
output_timeline_20260308_193108/metrics,dir,
output_timeline_20260308_193108/models,dir,
output_timeline_20260308_194946,dir,
output_timeline_20260308_194946/data_processed,dir,
output_timeline_20260308_194946/figures,dir,
output_timeline_20260308_194946/logs,dir,
output_timeline_20260308_194946/logs/pipeline.log,file,465.0
output_timeline_20260308_194946/metrics,dir,
output_timeline_20260308_194946/models,dir,
output_timeline_smoke_test,dir,
output_timeline_smoke_test/7d,dir,
output_timeline_smoke_test/7d/data_processed,dir,
output_timeline_smoke_test/7d/data_processed/Xy_chicago_2025.csv,file,462697.0
output_timeline_smoke_test/7d/data_processed/Xy_chicago_2025.parquet,file,130832.0
output_timeline_smoke_test/7d/data_processed/Xy_chicago_train.csv,file,4596707.0
output_timeline_smoke_test/7d/data_processed/Xy_chicago_train.parquet,file,836323.0
output_timeline_smoke_test/7d/data_processed/Xy_nibrs.csv,file,12368914.0
output_timeline_smoke_test/7d/data_processed/Xy_nibrs.parquet,file,1860906.0
output_timeline_smoke_test/7d/data_processed/crime_group_mapping_chicago.csv,file,693.0
output_timeline_smoke_test/7d/data_processed/crime_group_mapping_nibrs.csv,file,4255.0
output_timeline_smoke_test/7d/figures,dir,
output_timeline_smoke_test/7d/figures/fig1_overall_auc.png,file,44899.0
output_timeline_smoke_test/7d/figures/fig1_overall_f1.png,file,41349.0
output_timeline_smoke_test/7d/figures/fig1_overall_precision.png,file,46468.0
output_timeline_smoke_test/7d/figures/fig1_overall_recall.png,file,44717.0
output_timeline_smoke_test/7d/figures/fig3a_temporal_chicago2025_f1.png,file,83579.0
output_timeline_smoke_test/7d/figures/fig3b_temporal_nibrs_f1.png,file,84535.0
output_timeline_smoke_test/7d/figures/fig4_topk_coverage_chicago2025.png,file,62838.0
output_timeline_smoke_test/7d/figures/fig4_topk_coverage_nibrs.png,file,57505.0
output_timeline_smoke_test/7d/figures/fig6_heatmap_nibrs_auc.png,file,42788.0
output_timeline_smoke_test/7d/figures/fig6b_heatmap_nibrs_region_bucket_f1.png,file,33710.0
output_timeline_smoke_test/7d/figures/fig_geo_chicago_event_hitmap_exact.png,file,557439.0
output_timeline_smoke_test/7d/figures/fig_geo_chicago_event_hitmap_neighbor.png,file,594545.0
output_timeline_smoke_test/7d/figures/fig_geo_chicago_neighbor_vs_exact.png,file,70678.0
output_timeline_smoke_test/7d/figures/fig_geo_chicago_topk_selection_frequency.png,file,54361.0
output_timeline_smoke_test/7d/figures/fig_neighboraware_f1_chicago2025.png,file,47176.0
output_timeline_smoke_test/7d/figures/fig_neighboraware_f1_nibrs.png,file,42367.0
output_timeline_smoke_test/7d/figures/fig_processed_counts_chicago.png,file,103744.0
output_timeline_smoke_test/7d/figures/fig_processed_counts_nibrs.png,file,84118.0
output_timeline_smoke_test/7d/logs,dir,
output_timeline_smoke_test/7d/logs/run_summary.json,file,830.0
output_timeline_smoke_test/7d/logs/schema_check.json,file,781.0
output_timeline_smoke_test/7d/metrics,dir,
output_timeline_smoke_test/7d/metrics/metrics_delta_auc.csv,file,123.0
output_timeline_smoke_test/7d/metrics/metrics_geo_chicago_event_hitmap_summary.csv,file,194.0
output_timeline_smoke_test/7d/metrics/metrics_geo_chicago_neighbor_exact_rates.csv,file,1242.0
output_timeline_smoke_test/7d/metrics/metrics_geo_chicago_topk_selection_frequency_by_seed.csv,file,3590.0
output_timeline_smoke_test/7d/metrics/metrics_long.csv,file,8829.0
output_timeline_smoke_test/7d/metrics/metrics_long_check.json,file,94.0
output_timeline_smoke_test/7d/metrics/metrics_overall.csv,file,255.0
output_timeline_smoke_test/7d/metrics/metrics_overall_by_seed.csv,file,733.0
output_timeline_smoke_test/7d/metrics/metrics_region_bucket_by_seed.csv,file,582.0
output_timeline_smoke_test/7d/metrics/metrics_temporal_monthly.csv,file,1494.0
output_timeline_smoke_test/7d/metrics/metrics_topk.csv,file,463.0
output_timeline_smoke_test/7d/metrics/metrics_topk_coverage_by_seed.csv,file,1322.0
output_timeline_smoke_test/7d/metrics/predictions.csv,file,7854362.0
output_timeline_smoke_test/7d/metrics/predictions.parquet,file,300533.0
output_timeline_smoke_test/7d/models,dir,
output_timeline_smoke_test/7d/models/seed_0,dir,
output_timeline_smoke_test/7d/models/seed_0/preprocessor.json,file,4712.0
output_timeline_smoke_test/7d/models/seed_0/training_log.json,file,5660.0
output_timeline_smoke_test/7d/models/seed_1,dir,
output_timeline_smoke_test/7d/models/seed_1/preprocessor.json,file,4712.0
output_timeline_smoke_test/7d/models/seed_1/training_log.json,file,5660.0
output_timeline_smoke_test/7d/models/seed_2,dir,
output_timeline_smoke_test/7d/models/seed_2/preprocessor.json,file,4712.0
output_timeline_smoke_test/7d/models/seed_2/training_log.json,file,5660.0
output_timeline_smoke_test/7d/report_phase2.md,file,7048.0
output_timeline_smoke_test/7d/tables,dir,
output_timeline_smoke_test/7d/tables/table1_distribution.csv,file,1172.0
output_timeline_smoke_test/7d/tables/table1_distribution.md,file,1387.0
output_timeline_smoke_test/7d/tables/table2_results.csv,file,267.0
output_timeline_smoke_test/7d/tables/table2_results.md,file,362.0
output_timeline_smoke_test/7d/tables/table2_results_numeric.csv,file,505.0
output_timeline_smoke_test/_tmp_table2_check,dir,
output_timeline_smoke_test/_tmp_table2_check/table2_results.csv,file,666.0
output_timeline_smoke_test/_tmp_table2_check/table2_results.md,file,821.0
output_timeline_smoke_test/_tmp_table2_check/table2_results_numeric.csv,file,2146.0
output_timeline_smoke_test/compare_windows,dir,
output_timeline_smoke_test/compare_windows/figures,dir,
output_timeline_smoke_test/compare_windows/figures/fig2_gap_auc.png,file,54532.0
output_timeline_smoke_test/compare_windows/figures/fig2_gap_f1.png,file,50466.0
output_timeline_smoke_test/compare_windows/figures/fig2_gap_values_by_seed.csv,file,335.0
output_timeline_smoke_test/compare_windows/figures/fig_compare_windows_overall_auc.png,file,54402.0
output_timeline_smoke_test/compare_windows/figures/fig_compare_windows_overall_f1.png,file,51421.0
output_timeline_smoke_test/compare_windows/figures/fig_compare_windows_overall_precision.png,file,56199.0
output_timeline_smoke_test/compare_windows/figures/fig_compare_windows_overall_recall.png,file,54171.0
output_timeline_smoke_test/compare_windows/figures/fig_compare_windows_overall_values.csv,file,537.0
output_timeline_smoke_test/data_processed,dir,
output_timeline_smoke_test/data_processed/crime_group_mapping_chicago.csv,file,693.0
output_timeline_smoke_test/data_processed/crime_group_mapping_nibrs.csv,file,4255.0
output_timeline_smoke_test/figures,dir,
output_timeline_smoke_test/logs,dir,
output_timeline_smoke_test/logs/csv_schema_report.json,file,105063.0
output_timeline_smoke_test/logs/file_tree.csv,file,21105.0
output_timeline_smoke_test/logs/pipeline.log,file,3628.0
output_timeline_smoke_test/logs/run_summary.json,file,2119.0
output_timeline_smoke_test/metrics,dir,
output_timeline_smoke_test/models,dir,
output_timeline_smoke_test/report_phase2.md,file,2264.0
outputs,dir,
outputs/.DS_Store,file,10244.0
outputs/3d,dir,
outputs/3d/.DS_Store,file,8196.0
outputs/3d/data_processed,dir,
outputs/3d/data_processed/Xy_chicago_2025.csv,file,1041314.0
outputs/3d/data_processed/Xy_chicago_2025.parquet,file,191773.0
outputs/3d/data_processed/Xy_chicago_train.csv,file,10349174.0
outputs/3d/data_processed/Xy_chicago_train.parquet,file,1451812.0
outputs/3d/data_processed/Xy_nibrs.csv,file,29298494.0
outputs/3d/data_processed/Xy_nibrs.parquet,file,3928138.0
outputs/3d/data_processed/crime_group_mapping_chicago.csv,file,693.0
outputs/3d/data_processed/crime_group_mapping_nibrs.csv,file,4255.0
outputs/3d/figures,dir,
outputs/3d/figures/.DS_Store,file,8196.0
outputs/3d/figures/fig1_overall_auc.png,file,60934.0
outputs/3d/figures/fig1_overall_f1.png,file,57520.0
outputs/3d/figures/fig1_overall_precision.png,file,63347.0
outputs/3d/figures/fig1_overall_recall.png,file,60678.0
outputs/3d/figures/fig3a_temporal_chicago2025_f1.png,file,221229.0
outputs/3d/figures/fig3b_temporal_nibrs_f1.png,file,110323.0
outputs/3d/figures/fig4_topk_coverage_chicago2025.png,file,109330.0
outputs/3d/figures/fig4_topk_coverage_nibrs.png,file,108672.0
outputs/3d/figures/fig6_heatmap_nibrs_auc.png,file,57613.0
outputs/3d/figures/fig6b_heatmap_nibrs_region_bucket_f1.png,file,51272.0
outputs/3d/figures/fig_geo_chicago_event_hitmap_exact.png,file,534757.0
outputs/3d/figures/fig_geo_chicago_event_hitmap_neighbor.png,file,564933.0
outputs/3d/figures/fig_geo_chicago_neighbor_vs_exact.png,file,73629.0
outputs/3d/figures/fig_geo_chicago_topk_selection_frequency.png,file,125396.0
outputs/3d/figures/fig_neighboraware_f1_chicago2025.png,file,63773.0
outputs/3d/figures/fig_neighboraware_f1_nibrs.png,file,58219.0
outputs/3d/figures/fig_processed_counts_chicago.png,file,103744.0
outputs/3d/figures/fig_processed_counts_nibrs.png,file,84118.0
outputs/3d/logs,dir,
outputs/3d/logs/run_summary.json,file,776.0
outputs/3d/logs/schema_check.json,file,781.0
outputs/3d/metrics,dir,
outputs/3d/metrics/metrics_delta_auc.csv,file,332.0
outputs/3d/metrics/metrics_geo_chicago_event_hitmap_summary.csv,file,193.0
outputs/3d/metrics/metrics_geo_chicago_neighbor_exact_rates.csv,file,1230.0
outputs/3d/metrics/metrics_geo_chicago_topk_selection_frequency_by_seed.csv,file,12828.0
outputs/3d/metrics/metrics_long.csv,file,32556.0
outputs/3d/metrics/metrics_long_check.json,file,94.0
outputs/3d/metrics/metrics_overall.csv,file,827.0
outputs/3d/metrics/metrics_overall_by_seed.csv,file,2536.0
outputs/3d/metrics/metrics_region_bucket_by_seed.csv,file,1911.0
outputs/3d/metrics/metrics_temporal_monthly.csv,file,5544.0
outputs/3d/metrics/metrics_topk.csv,file,1538.0
outputs/3d/metrics/metrics_topk_coverage_by_seed.csv,file,4624.0
outputs/3d/metrics/predictions.csv,file,85281256.0
outputs/3d/metrics/predictions.parquet,file,6809841.0
outputs/3d/models,dir,
outputs/3d/models/.DS_Store,file,6148.0
outputs/3d/models/seed_0,dir,
outputs/3d/models/seed_0/logistic_regression.pt,file,2181.0
outputs/3d/models/seed_0/lstm.pt,file,98353.0
outputs/3d/models/seed_0/preprocessor.json,file,4691.0
outputs/3d/models/seed_0/random_forest.pt,file,4755985.0
outputs/3d/models/seed_0/training_log.json,file,6619.0
outputs/3d/models/seed_1,dir,
outputs/3d/models/seed_1/logistic_regression.pt,file,2181.0
outputs/3d/models/seed_1/lstm.pt,file,98353.0
outputs/3d/models/seed_1/preprocessor.json,file,4691.0
outputs/3d/models/seed_1/random_forest.pt,file,4750993.0
outputs/3d/models/seed_1/training_log.json,file,6620.0
outputs/3d/models/seed_2,dir,
outputs/3d/models/seed_2/logistic_regression.pt,file,2181.0
outputs/3d/models/seed_2/lstm.pt,file,98353.0
outputs/3d/models/seed_2/preprocessor.json,file,4691.0
outputs/3d/models/seed_2/random_forest.pt,file,4719121.0
outputs/3d/models/seed_2/training_log.json,file,6620.0
outputs/3d/report_phase2.md,file,9562.0
outputs/3d/tables,dir,
outputs/3d/tables/table1_distribution.csv,file,1166.0
outputs/3d/tables/table1_distribution.md,file,1381.0
outputs/3d/tables/table2_results.csv,file,666.0
outputs/3d/tables/table2_results.md,file,821.0
outputs/3d/tables/table2_results_numeric.csv,file,2113.0
outputs/7d,dir,
outputs/7d/.DS_Store,file,8196.0
outputs/7d/data_processed,dir,
outputs/7d/data_processed/Xy_chicago_2025.csv,file,462697.0
outputs/7d/data_processed/Xy_chicago_2025.parquet,file,130832.0
outputs/7d/data_processed/Xy_chicago_train.csv,file,4596707.0
outputs/7d/data_processed/Xy_chicago_train.parquet,file,836323.0
outputs/7d/data_processed/Xy_nibrs.csv,file,12368914.0
outputs/7d/data_processed/Xy_nibrs.parquet,file,1860906.0
outputs/7d/data_processed/crime_group_mapping_chicago.csv,file,693.0
outputs/7d/data_processed/crime_group_mapping_nibrs.csv,file,4255.0
outputs/7d/figures,dir,
outputs/7d/figures/fig1_overall_auc.png,file,61241.0
outputs/7d/figures/fig1_overall_f1.png,file,58070.0
outputs/7d/figures/fig1_overall_precision.png,file,63216.0
outputs/7d/figures/fig1_overall_recall.png,file,60697.0
outputs/7d/figures/fig3a_temporal_chicago2025_f1.png,file,235124.0
outputs/7d/figures/fig3b_temporal_nibrs_f1.png,file,129848.0
outputs/7d/figures/fig4_topk_coverage_chicago2025.png,file,106040.0
outputs/7d/figures/fig4_topk_coverage_nibrs.png,file,109866.0
outputs/7d/figures/fig6_heatmap_nibrs_auc.png,file,51482.0
outputs/7d/figures/fig6b_heatmap_nibrs_region_bucket_f1.png,file,52132.0
outputs/7d/figures/fig_geo_chicago_event_hitmap_exact.png,file,544299.0
outputs/7d/figures/fig_geo_chicago_event_hitmap_neighbor.png,file,573416.0
outputs/7d/figures/fig_geo_chicago_neighbor_vs_exact.png,file,75556.0
outputs/7d/figures/fig_geo_chicago_topk_selection_frequency.png,file,119348.0
outputs/7d/figures/fig_neighboraware_f1_chicago2025.png,file,65013.0
outputs/7d/figures/fig_neighboraware_f1_nibrs.png,file,58963.0
outputs/7d/figures/fig_processed_counts_chicago.png,file,103744.0
outputs/7d/figures/fig_processed_counts_nibrs.png,file,84118.0
outputs/7d/logs,dir,
outputs/7d/logs/run_summary.json,file,777.0
outputs/7d/logs/schema_check.json,file,781.0
outputs/7d/metrics,dir,
outputs/7d/metrics/metrics_delta_auc.csv,file,337.0
outputs/7d/metrics/metrics_geo_chicago_event_hitmap_summary.csv,file,187.0
outputs/7d/metrics/metrics_geo_chicago_neighbor_exact_rates.csv,file,1147.0
outputs/7d/metrics/metrics_geo_chicago_topk_selection_frequency_by_seed.csv,file,12409.0
outputs/7d/metrics/metrics_long.csv,file,32479.0
outputs/7d/metrics/metrics_long_check.json,file,94.0
outputs/7d/metrics/metrics_overall.csv,file,845.0
outputs/7d/metrics/metrics_overall_by_seed.csv,file,2624.0
outputs/7d/metrics/metrics_region_bucket_by_seed.csv,file,1909.0
outputs/7d/metrics/metrics_temporal_monthly.csv,file,5475.0
outputs/7d/metrics/metrics_topk.csv,file,1535.0
outputs/7d/metrics/metrics_topk_coverage_by_seed.csv,file,4628.0
outputs/7d/metrics/predictions.csv,file,34506896.0
outputs/7d/metrics/predictions.parquet,file,2955455.0
outputs/7d/models,dir,
outputs/7d/models/seed_0,dir,
outputs/7d/models/seed_0/logistic_regression.pt,file,2181.0
outputs/7d/models/seed_0/lstm.pt,file,98353.0
outputs/7d/models/seed_0/preprocessor.json,file,4712.0
outputs/7d/models/seed_0/random_forest.pt,file,3032017.0
outputs/7d/models/seed_0/training_log.json,file,6641.0
outputs/7d/models/seed_1,dir,
outputs/7d/models/seed_1/logistic_regression.pt,file,2181.0
outputs/7d/models/seed_1/lstm.pt,file,98353.0
outputs/7d/models/seed_1/preprocessor.json,file,4712.0
outputs/7d/models/seed_1/random_forest.pt,file,3029137.0
outputs/7d/models/seed_1/training_log.json,file,6640.0
outputs/7d/models/seed_2,dir,
outputs/7d/models/seed_2/logistic_regression.pt,file,2181.0
outputs/7d/models/seed_2/lstm.pt,file,98353.0
outputs/7d/models/seed_2/preprocessor.json,file,4712.0
outputs/7d/models/seed_2/random_forest.pt,file,3058641.0
outputs/7d/models/seed_2/training_log.json,file,6641.0
outputs/7d/report_phase2.md,file,9652.0
outputs/7d/tables,dir,
outputs/7d/tables/table1_distribution.csv,file,1172.0
outputs/7d/tables/table1_distribution.md,file,1387.0
outputs/7d/tables/table2_results.csv,file,666.0
outputs/7d/tables/table2_results.md,file,821.0
outputs/7d/tables/table2_results_numeric.csv,file,2148.0
outputs/analysis_support,dir,
outputs/analysis_support/summary_all.json,file,48691.0
outputs/analysis_support/summary_feature_importance.csv,file,5822.0
outputs/analysis_support/summary_metrics_table2_numeric.csv,file,4325.0
outputs/analysis_support/summary_temporal_stability.csv,file,1647.0
outputs/analysis_support/summary_topk.csv,file,3124.0
outputs/compare_windows,dir,
outputs/compare_windows/.DS_Store,file,6148.0
outputs/compare_windows/figures,dir,
outputs/compare_windows/figures/fig2_gap_auc.png,file,66155.0
outputs/compare_windows/figures/fig2_gap_f1.png,file,64150.0
outputs/compare_windows/figures/fig2_gap_values_by_seed.csv,file,2091.0
outputs/compare_windows/figures/fig_compare_windows_overall_auc.png,file,108225.0
outputs/compare_windows/figures/fig_compare_windows_overall_f1.png,file,102220.0
outputs/compare_windows/figures/fig_compare_windows_overall_precision.png,file,107187.0
outputs/compare_windows/figures/fig_compare_windows_overall_recall.png,file,104392.0
outputs/compare_windows/figures/fig_compare_windows_overall_values.csv,file,4372.0
outputs/data_processed,dir,
outputs/data_processed/Xy_chicago_2025.csv,file,63714.0
outputs/data_processed/Xy_chicago_2025.parquet,file,29899.0
outputs/data_processed/Xy_chicago_train.csv,file,631382.0
outputs/data_processed/Xy_chicago_train.parquet,file,142490.0
outputs/data_processed/Xy_nibrs.csv,file,5661315.0
outputs/data_processed/Xy_nibrs.parquet,file,654545.0
outputs/data_processed/crime_group_mapping_chicago.csv,file,693.0
outputs/data_processed/crime_group_mapping_nibrs.csv,file,4255.0
outputs/figures,dir,
outputs/figures/temporal_chicago_2025.png,file,224521.0
outputs/figures/temporal_nibrs.png,file,200286.0
outputs/figures/topk_nibrs.png,file,54666.0
outputs/logs,dir,
outputs/logs/csv_schema_report.json,file,105063.0
outputs/logs/file_tree.csv,file,17555.0
outputs/logs/pipeline.log,file,69470.0
outputs/logs/run_summary.json,file,2745.0
outputs/logs/schema_check.json,file,507.0
outputs/metrics,dir,
outputs/metrics/metrics_delta_auc.csv,file,342.0
outputs/metrics/metrics_overall.csv,file,1015.0
outputs/metrics/metrics_temporal_monthly.csv,file,7206.0
outputs/metrics/metrics_temporal_quarterly.csv,file,3282.0
outputs/metrics/metrics_topk.csv,file,502.0
outputs/metrics/predictions.csv,file,9539225.0
outputs/metrics/predictions.parquet,file,605774.0
outputs/model_evaluation_comprehensive.md,file,11732.0
outputs/model_evaluation_comprehensive_v2.md,file,11732.0
outputs/models,dir,
outputs/models/logistic_regression.pt,file,2181.0
outputs/models/lstm.pt,file,94257.0
outputs/models/preprocessor.json,file,3034.0
outputs/models/random_forest.pt,file,491025.0
outputs/models/training_log.json,file,4828.0
outputs/phase2_milestone2_analytics_section.md,file,8675.0
outputs/phase2_milestone2_analytics_section_zh.md,file,11581.0
outputs/report_phase2.md,file,4327.0
requirements.txt,file,123.0
src,dir,
src/__init__.md,file,422.0
src/__init__.py,file,65.0
src/__pycache__,dir,
src/__pycache__/__init__.cpython-313.pyc,file,189.0
src/__pycache__/__init__.cpython-38.pyc,file,239.0
src/__pycache__/config.cpython-313.pyc,file,4484.0
src/__pycache__/config.cpython-38.pyc,file,3760.0
src/__pycache__/data_io.cpython-313.pyc,file,8317.0
src/__pycache__/data_io.cpython-38.pyc,file,5308.0
src/__pycache__/eval.cpython-313.pyc,file,11408.0
src/__pycache__/eval.cpython-38.pyc,file,6086.0
src/__pycache__/features.cpython-313.pyc,file,20519.0
src/__pycache__/features.cpython-38.pyc,file,11306.0
src/__pycache__/mapping.cpython-313.pyc,file,7716.0
src/__pycache__/mapping.cpython-38.pyc,file,5414.0
src/__pycache__/paper_outputs.cpython-313.pyc,file,87300.0
src/__pycache__/paper_outputs.cpython-38.pyc,file,45038.0
src/__pycache__/preprocess_chicago.cpython-313.pyc,file,6838.0
src/__pycache__/preprocess_chicago.cpython-38.pyc,file,4118.0
src/__pycache__/preprocess_nibrs.cpython-313.pyc,file,8802.0
src/__pycache__/preprocess_nibrs.cpython-38.pyc,file,4969.0
src/__pycache__/report.cpython-313.pyc,file,19129.0
src/__pycache__/report.cpython-38.pyc,file,11061.0
src/__pycache__/run_all.cpython-313.pyc,file,32156.0
src/__pycache__/run_all.cpython-38.pyc,file,18851.0
src/__pycache__/train.cpython-313.pyc,file,42651.0
src/__pycache__/train.cpython-38.pyc,file,21914.0
src/config.md,file,1744.0
src/config.py,file,3452.0
src/data_io.md,file,1631.0
src/data_io.py,file,5431.0
src/eval.md,file,1237.0
src/eval.py,file,7150.0
src/features.md,file,2528.0
src/features.py,file,12902.0
src/mapping.md,file,1561.0
src/mapping.py,file,6503.0
src/paper_outputs.md,file,4985.0
src/paper_outputs.py,file,65621.0
src/preprocess_chicago.md,file,1413.0
src/preprocess_chicago.py,file,4762.0
src/preprocess_nibrs.md,file,1390.0
src/preprocess_nibrs.py,file,5966.0
src/report.md,file,1524.0
src/report.py,file,14056.0
src/run_all.md,file,3797.0
src/run_all.py,file,29635.0
src/train.md,file,4238.0
src/train.py,file,29604.0
tmp,dir,
tmp/all_files_phase2.txt,file,5916.0
tmp/csv_schema_report.json,file,70428.0
tmp/file_tree_with_sizes.txt,file,7628.0
tmp/it5006_project_description_extracted.txt,file,22108.0
tmp/pdfs,dir,
tmp/pdfs/1803.04474v1.txt,file,16846.0
tmp/pdfs/2509.20913v1.txt,file,128299.0
tmp/pdfs/IT5006 Project Description - AY 2025_26 Semester 2.txt,file,22046.0
tmp/pdfs/NIBRS_DataDictionary.txt,file,20149.0
tmp/pdfs/nibrs_diagram.txt,file,1440.0
tmp/smoke_figs,dir,
tmp/smoke_figs/fig4_topk_coverage_chicago2025.png,file,108095.0
tmp/smoke_figs/fig4_topk_coverage_nibrs.png,file,103238.0
tmp/smoke_figs/fig6_heatmap_nibrs_auc.png,file,53798.0
tmp/smoke_figs/fig_neighboraware_f1_chicago2025.png,file,64883.0
tmp/smoke_figs/fig_neighboraware_f1_nibrs.png,file,58204.0
